{
  "results": [
    {
      "command": "abouchez",
      "mean": 1.9727890983999994,
      "stddev": 0.011439620690069886,
      "median": 1.96977124,
      "user": 35.183997899999994,
      "system": 2.207148,
      "min": 1.959383732,
      "max": 1.993549067,
      "times": [
        1.966827961,
        1.970054221,
        1.965989725,
        1.9747838940000002,
        1.992066753,
        1.963235115,
        1.993549067,
        1.959383732,
        1.972512257,
        1.969488259
      ],
      "exit_codes": [
        0,
        0,
        0,
        0,
        0,
        0,
        0,
        0,
        0,
        0
      ]
    }
  ]
}
