{
  "results": [
    {
      "command": "abouchez",
      "mean": 1.6514570309,
      "stddev": 0.008655687446698321,
      "median": 1.6518509315,
      "user": 30.424464100000005,
      "system": 1.9906594000000002,
      "min": 1.638562072,
      "max": 1.6641916010000002,
      "times": [
        1.639328299,
        1.638562072,
        1.652009917,
        1.6495498350000002,
        1.6516919460000001,
        1.6641916010000002,
        1.662268771,
        1.645506793,
        1.6574495360000001,
        1.654011539
      ],
      "exit_codes": [
        0,
        0,
        0,
        0,
        0,
        0,
        0,
        0,
        0,
        0
      ]
    }
  ]
}
