{
  "results": [
    {
      "command": "abouchez",
      "mean": 1.2609558566,
      "stddev": 0.011526266363468396,
      "median": 1.2629402165,
      "user": 18.4444034,
      "system": 2.2596865,
      "min": 1.242857149,
      "max": 1.279609606,
      "times": [
        1.279609606,
        1.271354237,
        1.2668017310000002,
        1.242857149,
        1.252789349,
        1.2501169490000001,
        1.269626136,
        1.261991711,
        1.263888722,
        1.250522976
      ],
      "exit_codes": [
        0,
        0,
        0,
        0,
        0,
        0,
        0,
        0,
        0,
        0
      ]
    }
  ]
}
