{
  "results": [
    {
      "command": "abouchez",
      "mean": 1.7186626807000003,
      "stddev": 0.0071383612071100845,
      "median": 1.717072997,
      "user": 33.1850486,
      "system": 2.3235693,
      "min": 1.708951573,
      "max": 1.733070395,
      "times": [
        1.708951573,
        1.718507483,
        1.7124514610000001,
        1.713522387,
        1.72368347,
        1.725509852,
        1.733070395,
        1.7196935660000001,
        1.715638511,
        1.715598109
      ],
      "exit_codes": [
        0,
        0,
        0,
        0,
        0,
        0,
        0,
        0,
        0,
        0
      ]
    }
  ]
}
