{
  "results": [
    {
      "command": "abouchez",
      "mean": 1.7849245758999999,
      "stddev": 0.004090739541156851,
      "median": 1.7843781380000001,
      "user": 33.344482299999996,
      "system": 2.1961044000000003,
      "min": 1.779939932,
      "max": 1.791395819,
      "times": [
        1.789718807,
        1.781757794,
        1.785427479,
        1.789317488,
        1.779939932,
        1.783328797,
        1.791395819,
        1.785914504,
        1.780784523,
        1.781660616
      ],
      "exit_codes": [
        0,
        0,
        0,
        0,
        0,
        0,
        0,
        0,
        0,
        0
      ]
    }
  ]
}
