{
  "results": [
    {
      "command": "abouchez",
      "mean": 1.7599182237000002,
      "stddev": 0.014990445594107279,
      "median": 1.7649861845,
      "user": 33.0403467,
      "system": 2.0375951,
      "min": 1.731842462,
      "max": 1.7787755930000002,
      "times": [
        1.767004502,
        1.731842462,
        1.764642606,
        1.734120849,
        1.7675874610000002,
        1.7639003340000001,
        1.76001359,
        1.765329763,
        1.7659650770000002,
        1.7787755930000002
      ],
      "exit_codes": [
        0,
        0,
        0,
        0,
        0,
        0,
        0,
        0,
        0,
        0
      ]
    }
  ]
}
