{
  "results": [
    {
      "command": "abouchez",
      "mean": 1.2609775183,
      "stddev": 0.012985507000609648,
      "median": 1.2578194200000001,
      "user": 19.284047899999997,
      "system": 2.2184906,
      "min": 1.237283487,
      "max": 1.280859004,
      "times": [
        1.251333442,
        1.279027492,
        1.255958326,
        1.237283487,
        1.256839526,
        1.264641466,
        1.256315817,
        1.268717309,
        1.258799314,
        1.280859004
      ],
      "exit_codes": [
        0,
        0,
        0,
        0,
        0,
        0,
        0,
        0,
        0,
        0
      ]
    }
  ]
}
