{
  "results": [
    {
      "command": "abouchez",
      "mean": 1.8050560797,
      "stddev": 0.006244749716899701,
      "median": 1.8034193095000002,
      "user": 33.112593,
      "system": 2.1535968,
      "min": 1.797708208,
      "max": 1.818608245,
      "times": [
        1.802873873,
        1.8031921510000002,
        1.81095443,
        1.798227405,
        1.803902412,
        1.797708208,
        1.802605114,
        1.8036464680000002,
        1.808842491,
        1.818608245
      ],
      "exit_codes": [
        0,
        0,
        0,
        0,
        0,
        0,
        0,
        0,
        0,
        0
      ]
    }
  ]
}
