{
  "results": [
    {
      "command": "bfire",
      "mean": 655.6021464273999,
      "stddev": 5.500181810589608,
      "median": 656.037323174,
      "user": 649.7429892999999,
      "system": 5.7772632,
      "min": 646.359399427,
      "max": 663.865865945,
      "times": [
        655.876024874,
        652.941036675,
        662.619276303,
        648.599380609,
        663.865865945,
        646.359399427,
        656.198621474,
        656.540771307,
        654.249123809,
        658.771963851
      ],
      "exit_codes": [
        0,
        0,
        0,
        0,
        0,
        0,
        0,
        0,
        0,
        0
      ]
    }
  ]
}
