{
  "results": [
    {
      "command": "bfire",
      "mean": 409.6608350263999,
      "stddev": 5.174469969749398,
      "median": 411.69907420799996,
      "user": 407.3601637,
      "system": 2.2770691000000003,
      "min": 401.802611929,
      "max": 417.516424065,
      "times": [
        403.399008829,
        409.065120967,
        411.524816946,
        403.263522882,
        411.87333147,
        412.631539518,
        417.516424065,
        401.802611929,
        412.244081254,
        413.287892404
      ],
      "exit_codes": [
        0,
        0,
        0,
        0,
        0,
        0,
        0,
        0,
        0,
        0
      ]
    }
  ]
}
