{
  "results": [
    {
      "command": "bfire",
      "mean": 426.1166423058,
      "stddev": 8.92793454751162,
      "median": 422.798892948,
      "user": 423.92513879999996,
      "system": 2.1731072,
      "min": 418.294225108,
      "max": 449.689936666,
      "times": [
        418.294225108,
        422.198537694,
        431.100803432,
        423.064999566,
        422.380785173,
        449.689936666,
        421.353220204,
        422.53278633,
        425.46281324,
        425.088315645
      ],
      "exit_codes": [
        0,
        0,
        0,
        0,
        0,
        0,
        0,
        0,
        0,
        0
      ]
    }
  ]
}
