{
  "results": [
    {
      "command": "bfire",
      "mean": 430.0464045394,
      "stddev": 5.880354328018242,
      "median": 431.3905289745,
      "user": 427.62341849999996,
      "system": 2.3954538999999997,
      "min": 422.249054845,
      "max": 438.422785411,
      "times": [
        430.651510046,
        427.242277831,
        422.249054845,
        423.404443375,
        422.491246941,
        432.129547903,
        436.062987763,
        433.404297898,
        434.405893381,
        438.422785411
      ],
      "exit_codes": [
        0,
        0,
        0,
        0,
        0,
        0,
        0,
        0,
        0,
        0
      ]
    }
  ]
}
