{
  "results": [
    {
      "command": "bfire",
      "mean": 362.09442847890006,
      "stddev": 5.903014744283337,
      "median": 364.6920147815,
      "user": 2332.3436161,
      "system": 201.3327248,
      "min": 353.04279511,
      "max": 369.155219315,
      "times": [
        355.747494102,
        355.527463261,
        363.947153306,
        365.549450792,
        357.929429027,
        367.652327679,
        365.436876257,
        369.155219315,
        353.04279511,
        366.95607594
      ],
      "exit_codes": [
        0,
        0,
        0,
        0,
        0,
        0,
        0,
        0,
        0,
        0
      ]
    }
  ]
}
