{
  "results": [
    {
      "command": "bfire",
      "mean": 967.2633971930002,
      "stddev": 22.695063574861155,
      "median": 974.1671257895,
      "user": 4220.5154826,
      "system": 515.5152419,
      "min": 936.847815827,
      "max": 1000.888048396,
      "times": [
        978.370062093,
        988.177159608,
        985.677071799,
        944.63927433,
        969.964189486,
        946.351372816,
        942.948828582,
        1000.888048396,
        936.847815827,
        978.770148993
      ],
      "exit_codes": [
        0,
        0,
        0,
        0,
        0,
        0,
        0,
        0,
        0,
        0
      ]
    }
  ]
}
