{
  "results": [
    {
      "command": "bzander",
      "mean": 7.4719825078,
      "stddev": 0.4038555128610599,
      "median": 7.347658013,
      "user": 182.1329645,
      "system": 10.978379699999998,
      "min": 7.213302032,
      "max": 8.599171002,
      "times": [
        7.213302032,
        7.391411835,
        7.310089184,
        8.599171002,
        7.381916532,
        7.405239355,
        7.3133994940000004,
        7.304613677,
        7.296104561,
        7.504577406
      ],
      "exit_codes": [
        0,
        0,
        0,
        0,
        0,
        0,
        0,
        0,
        0,
        0
      ]
    }
  ]
}
