{
  "results": [
    {
      "command": "dcornelius",
      "mean": 414.61491152580004,
      "stddev": 7.95072186276112,
      "median": 412.9996550075,
      "user": 412.9574544999999,
      "system": 1.6007182,
      "min": 405.139487091,
      "max": 430.697704787,
      "times": [
        424.777273258,
        411.688881141,
        410.407319791,
        414.871365251,
        417.379421675,
        414.310428874,
        405.139487091,
        430.697704787,
        410.289641778,
        406.587591612
      ],
      "exit_codes": [
        0,
        0,
        0,
        0,
        0,
        0,
        0,
        0,
        0,
        0
      ]
    }
  ]
}
