{
  "results": [
    {
      "command": "dcornelius",
      "mean": 414.88916796250004,
      "stddev": 6.053211558603566,
      "median": 415.27196082,
      "user": 413.09028830000005,
      "system": 1.7803238999999997,
      "min": 403.975096486,
      "max": 421.66392976,
      "times": [
        410.985677571,
        421.391979896,
        421.66392976,
        420.202660528,
        406.875524309,
        418.592550668,
        414.671118571,
        403.975096486,
        415.872803069,
        414.660338767
      ],
      "exit_codes": [
        0,
        0,
        0,
        0,
        0,
        0,
        0,
        0,
        0,
        0
      ]
    }
  ]
}
