{
  "results": [
    {
      "command": "dcornelius",
      "mean": 442.24395038099993,
      "stddev": 79.09795754661864,
      "median": 417.399264508,
      "user": 440.3304256,
      "system": 1.8871019999999998,
      "min": 407.376807395,
      "max": 666.776178278,
      "times": [
        413.362035629,
        407.376807395,
        414.328526852,
        415.117510619,
        425.504398899,
        418.062654168,
        417.752148326,
        427.112862954,
        666.776178278,
        417.04638069
      ],
      "exit_codes": [
        0,
        0,
        0,
        0,
        0,
        0,
        0,
        0,
        0,
        0
      ]
    }
  ]
}
