{
  "results": [
    {
      "command": "dcornelius",
      "mean": 423.97472360579997,
      "stddev": 6.531451951249511,
      "median": 421.986422456,
      "user": 421.9430904999999,
      "system": 2.0054781,
      "min": 417.21031322,
      "max": 440.727003005,
      "times": [
        423.091962654,
        420.493031936,
        417.21031322,
        427.031113907,
        440.727003005,
        425.961002345,
        421.451678082,
        422.52116683,
        420.129371714,
        421.130592365
      ],
      "exit_codes": [
        0,
        0,
        0,
        0,
        0,
        0,
        0,
        0,
        0,
        0
      ]
    }
  ]
}
