{
  "results": [
    {
      "command": "dcornelius",
      "mean": 476.1790770523,
      "stddev": 9.603485777279616,
      "median": 473.94933618050004,
      "user": 473.99561889999995,
      "system": 2.1615126,
      "min": 465.752050863,
      "max": 499.185901633,
      "times": [
        469.94604719,
        473.620053212,
        499.185901633,
        470.957599534,
        465.752050863,
        474.278619149,
        485.388974035,
        470.719400579,
        475.259037859,
        476.683086469
      ],
      "exit_codes": [
        0,
        0,
        0,
        0,
        0,
        0,
        0,
        0,
        0,
        0
      ]
    }
  ]
}
