{
  "results": [
    {
      "command": "dcornelius",
      "mean": 411.55825936639997,
      "stddev": 9.47018259898151,
      "median": 409.475799488,
      "user": 409.6700443,
      "system": 1.8530798000000002,
      "min": 402.417120922,
      "max": 435.203161641,
      "times": [
        414.856478323,
        407.176728092,
        409.189924284,
        435.203161641,
        416.549214306,
        410.54843932,
        407.396608624,
        409.761674692,
        402.48324346,
        402.417120922
      ],
      "exit_codes": [
        0,
        0,
        0,
        0,
        0,
        0,
        0,
        0,
        0,
        0
      ]
    }
  ]
}
