{
  "results": [
    {
      "command": "dtoepfl",
      "mean": 514.1808734294999,
      "stddev": 3.7781403569856473,
      "median": 514.770784185,
      "user": 510.5189795,
      "system": 3.6054078999999994,
      "min": 506.416236866,
      "max": 519.882999447,
      "times": [
        517.264486548,
        515.976099096,
        519.882999447,
        514.85371679,
        514.68785158,
        511.252090608,
        512.995437322,
        516.713168124,
        506.416236866,
        511.766647914
      ],
      "exit_codes": [
        0,
        0,
        0,
        0,
        0,
        0,
        0,
        0,
        0,
        0
      ]
    }
  ]
}
