{
  "results": [
    {
      "command": "dtoepfl",
      "mean": 901.2463743695,
      "stddev": 11.63597276530427,
      "median": 904.0260083455,
      "user": 897.4204855,
      "system": 3.7818172000000003,
      "min": 869.802472445,
      "max": 909.857834524,
      "times": [
        869.802472445,
        903.330442428,
        902.900895857,
        899.022637997,
        909.857834524,
        906.03778937,
        899.720653686,
        904.721574263,
        908.705390573,
        908.364052552
      ],
      "exit_codes": [
        0,
        0,
        0,
        0,
        0,
        0,
        0,
        0,
        0,
        0
      ]
    }
  ]
}
