{
  "results": [
    {
      "command": "dtoepfl",
      "mean": 518.1493058830999,
      "stddev": 3.530992368027417,
      "median": 517.3836444144999,
      "user": 514.6227663999999,
      "system": 3.5030453,
      "min": 513.272874088,
      "max": 524.417929015,
      "times": [
        524.417929015,
        524.017130748,
        518.823707916,
        517.42552543,
        517.780617311,
        517.341763399,
        513.272874088,
        515.584601092,
        516.827197854,
        516.001711978
      ],
      "exit_codes": [
        0,
        0,
        0,
        0,
        0,
        0,
        0,
        0,
        0,
        0
      ]
    }
  ]
}
