{
  "results": [
    {
      "command": "dtoepfl",
      "mean": 877.6787503418,
      "stddev": 9.02598964572432,
      "median": 872.996304375,
      "user": 873.3642738000001,
      "system": 4.263359599999999,
      "min": 869.428715468,
      "max": 892.892405584,
      "times": [
        872.010194976,
        870.635949415,
        886.446584904,
        892.892405584,
        872.781789802,
        869.428715468,
        890.617316183,
        869.799206811,
        873.210818948,
        878.964521327
      ],
      "exit_codes": [
        0,
        0,
        0,
        0,
        0,
        0,
        0,
        0,
        0,
        0
      ]
    }
  ]
}
