{
  "results": [
    {
      "command": "ghatem",
      "mean": 6.0026718523,
      "stddev": 0.05567848122025811,
      "median": 5.975274688,
      "user": 147.9044875,
      "system": 2.2192355,
      "min": 5.950955971,
      "max": 6.091518014,
      "times": [
        6.081614379,
        5.957808817,
        5.950955971,
        6.0716,
        5.974452802,
        5.970412908,
        5.989999876,
        5.962259182,
        6.091518014,
        5.976096574
      ],
      "exit_codes": [
        0,
        0,
        0,
        0,
        0,
        0,
        0,
        0,
        0,
        0
      ]
    }
  ]
}
