{
  "results": [
    {
      "command": "ghatem",
      "mean": 5.87468601,
      "stddev": 0.0474391738493263,
      "median": 5.8928640115,
      "user": 144.15148789999998,
      "system": 2.2947325,
      "min": 5.767239042,
      "max": 5.904804853,
      "times": [
        5.767239042,
        5.892263693,
        5.904804853,
        5.8934643300000005,
        5.806766739,
        5.899340049,
        5.891489472,
        5.903116016,
        5.888333087,
        5.900042819
      ],
      "exit_codes": [
        0,
        0,
        0,
        0,
        0,
        0,
        0,
        0,
        0,
        0
      ]
    }
  ]
}
