{
  "results": [
    {
      "command": "ghatem",
      "mean": 3.1693336318,
      "stddev": 0.09907717890164566,
      "median": 3.101805594,
      "user": 72.3094398,
      "system": 2.6227,
      "min": 3.083825997,
      "max": 3.290218816,
      "times": [
        3.107306172,
        3.284871998,
        3.279010323,
        3.282654913,
        3.083825997,
        3.096305016,
        3.089600808,
        3.091133292,
        3.290218816,
        3.088408983
      ],
      "exit_codes": [
        0,
        0,
        0,
        0,
        0,
        0,
        0,
        0,
        0,
        0
      ]
    }
  ]
}
