{
  "results": [
    {
      "command": "ghatem",
      "mean": 2.1225133583000004,
      "stddev": 0.047426905046436214,
      "median": 2.0946030445,
      "user": 45.764253100000005,
      "system": 2.349656,
      "min": 2.086835047,
      "max": 2.20511154,
      "times": [
        2.100633544,
        2.09303448,
        2.091822025,
        2.092419493,
        2.094150445,
        2.095055644,
        2.086835047,
        2.177171094,
        2.188900271,
        2.20511154
      ],
      "exit_codes": [
        0,
        0,
        0,
        0,
        0,
        0,
        0,
        0,
        0,
        0
      ]
    }
  ]
}
