{
  "results": [
    {
      "command": "gklark",
      "mean": 9.6521570785,
      "stddev": 0.03951532165424351,
      "median": 9.666257841,
      "user": 238.57184310000002,
      "system": 3.0387584,
      "min": 9.596525275,
      "max": 9.705919273,
      "times": [
        9.663616748,
        9.596525275,
        9.603829237,
        9.669344902,
        9.673007358,
        9.620775932,
        9.668898934,
        9.705919273,
        9.618064697,
        9.701588429000001
      ],
      "exit_codes": [
        0,
        0,
        0,
        0,
        0,
        0,
        0,
        0,
        0,
        0
      ]
    }
  ]
}
