{
  "results": [
    {
      "command": "gklark",
      "mean": 9.820072135100002,
      "stddev": 0.039394819604988945,
      "median": 9.827297288,
      "user": 241.8570096,
      "system": 3.2527893,
      "min": 9.765262838,
      "max": 9.898365374,
      "times": [
        9.774560478,
        9.814018782,
        9.834345749,
        9.898365374,
        9.828783273,
        9.825811303,
        9.780931259,
        9.765262838,
        9.847690939,
        9.830951356
      ],
      "exit_codes": [
        0,
        0,
        0,
        0,
        0,
        0,
        0,
        0,
        0,
        0
      ]
    }
  ]
}
