{
  "results": [
    {
      "command": "gklark",
      "mean": 9.975326395299998,
      "stddev": 0.05160647442254714,
      "median": 9.979745859000001,
      "user": 243.9351815,
      "system": 3.3790187999999994,
      "min": 9.898352033,
      "max": 10.058332601,
      "times": [
        9.950454849,
        10.058332601,
        9.92773554,
        9.918931202,
        10.017186307,
        9.971687702,
        9.898352033,
        9.994541395,
        10.028238308,
        9.987804016
      ],
      "exit_codes": [
        0,
        0,
        0,
        0,
        0,
        0,
        0,
        0,
        0,
        0
      ]
    }
  ]
}
