{
  "results": [
    {
      "command": "gklark",
      "mean": 9.807307315800001,
      "stddev": 0.048546990782560036,
      "median": 9.811989165,
      "user": 242.49544450000002,
      "system": 3.0909139000000003,
      "min": 9.736949158,
      "max": 9.86847812,
      "times": [
        9.736949158,
        9.755736197000001,
        9.859855746000001,
        9.822003625,
        9.750020933,
        9.802958480000001,
        9.82101985,
        9.863628136,
        9.792422913,
        9.86847812
      ],
      "exit_codes": [
        0,
        0,
        0,
        0,
        0,
        0,
        0,
        0,
        0,
        0
      ]
    }
  ]
}
