{
  "results": [
    {
      "command": "gklark",
      "mean": 9.6299508095,
      "stddev": 0.03761478419706688,
      "median": 9.628784259500001,
      "user": 239.72022479999995,
      "system": 2.9267168999999997,
      "min": 9.576217193,
      "max": 9.702198296,
      "times": [
        9.630929179,
        9.576217193,
        9.702198296,
        9.662397069,
        9.647997948,
        9.589450668,
        9.622438107,
        9.646750976,
        9.594489319000001,
        9.62663934
      ],
      "exit_codes": [
        0,
        0,
        0,
        0,
        0,
        0,
        0,
        0,
        0,
        0
      ]
    }
  ]
}
