{
  "results": [
    {
      "command": "hgrosser",
      "mean": 53.0379573782,
      "stddev": 0.6988578863683996,
      "median": 53.268013361,
      "user": 51.4073487,
      "system": 1.6267010000000002,
      "min": 51.698115792,
      "max": 53.629096401,
      "times": [
        53.629096401,
        53.368050168,
        51.810345808,
        51.698115792,
        53.257365457,
        53.102778988,
        53.436993369,
        53.278661265,
        53.62785742,
        53.170309114
      ],
      "exit_codes": [
        0,
        0,
        0,
        0,
        0,
        0,
        0,
        0,
        0,
        0
      ]
    }
  ]
}
