{
  "results": [
    {
      "command": "hgrosser",
      "mean": 5.250133421300001,
      "stddev": 0.029922297033429707,
      "median": 5.24989975,
      "user": 136.04468989999998,
      "system": 1.9149711,
      "min": 5.203666797,
      "max": 5.311292794,
      "times": [
        5.311292794,
        5.258438718,
        5.252551337,
        5.203666797,
        5.222212402,
        5.277273106,
        5.234341178,
        5.247248163,
        5.235070876,
        5.259238842
      ],
      "exit_codes": [
        0,
        0,
        0,
        0,
        0,
        0,
        0,
        0,
        0,
        0
      ]
    }
  ]
}
