{
  "results": [
    {
      "command": "hgrosser",
      "mean": 73.3421365163,
      "stddev": 0.719155701636862,
      "median": 73.56494583700001,
      "user": 71.5886205,
      "system": 1.7482705999999997,
      "min": 71.514600502,
      "max": 73.963929789,
      "times": [
        73.540957746,
        73.8794017,
        73.70672235,
        73.546648718,
        71.514600502,
        73.963929789,
        73.221536167,
        73.637349269,
        73.583242956,
        72.826975966
      ],
      "exit_codes": [
        0,
        0,
        0,
        0,
        0,
        0,
        0,
        0,
        0,
        0
      ]
    }
  ]
}
