{
  "results": [
    {
      "command": "hgrosser",
      "mean": 52.446296118999996,
      "stddev": 0.881379813837132,
      "median": 52.553475989,
      "user": 50.825764299999996,
      "system": 1.6183295999999998,
      "min": 50.953657594,
      "max": 53.613582982,
      "times": [
        53.613582982,
        52.36213509,
        52.411113585,
        52.614273281,
        51.02475026,
        50.953657594,
        53.517203449,
        52.513281491,
        52.593670487,
        52.859292971
      ],
      "exit_codes": [
        0,
        0,
        0,
        0,
        0,
        0,
        0,
        0,
        0,
        0
      ]
    }
  ]
}
