{
  "results": [
    {
      "command": "hgrosser",
      "mean": 53.42518275169999,
      "stddev": 0.2822119619855925,
      "median": 53.4869635255,
      "user": 51.764861700000004,
      "system": 1.6575247999999998,
      "min": 52.664406406,
      "max": 53.683077931,
      "times": [
        52.664406406,
        53.597043389,
        53.559085867,
        53.540740023,
        53.683077931,
        53.397078407,
        53.409183349,
        53.455355276,
        53.518571775,
        53.427285094
      ],
      "exit_codes": [
        0,
        0,
        0,
        0,
        0,
        0,
        0,
        0,
        0,
        0
      ]
    }
  ]
}
