{
  "results": [
    {
      "command": "ikelaiah",
      "mean": 240.0705997106,
      "stddev": 4.385361972055687,
      "median": 240.044059986,
      "user": 238.29896489999996,
      "system": 1.7450871,
      "min": 234.088120042,
      "max": 247.274941142,
      "times": [
        235.658610451,
        234.088120042,
        245.202014634,
        240.484170233,
        235.55086873,
        240.287623797,
        247.274941142,
        238.314771494,
        239.800496175,
        244.044380408
      ],
      "exit_codes": [
        0,
        0,
        0,
        0,
        0,
        0,
        0,
        0,
        0,
        0
      ]
    }
  ]
}
