{
  "results": [
    {
      "command": "ikelaiah",
      "mean": 303.358112821,
      "stddev": 3.8475539613581233,
      "median": 302.25842672650003,
      "user": 298.43592590000003,
      "system": 4.908994799999999,
      "min": 299.996504472,
      "max": 313.482330166,
      "times": [
        302.227764595,
        302.289088858,
        301.383240251,
        300.72435599,
        313.482330166,
        301.810238342,
        302.62227771,
        305.035417541,
        304.009910285,
        299.996504472
      ],
      "exit_codes": [
        0,
        0,
        0,
        0,
        0,
        0,
        0,
        0,
        0,
        0
      ]
    }
  ]
}
