{
  "results": [
    {
      "command": "ikelaiah",
      "mean": 167.9590826622,
      "stddev": 2.2024618732496077,
      "median": 168.598259966,
      "user": 166.478007,
      "system": 1.4711146999999998,
      "min": 164.317028033,
      "max": 170.640336843,
      "times": [
        170.640336843,
        169.5769824,
        164.317028033,
        166.277009958,
        166.768682465,
        169.505938846,
        165.272202286,
        169.982374947,
        167.690581086,
        169.559689758
      ],
      "exit_codes": [
        0,
        0,
        0,
        0,
        0,
        0,
        0,
        0,
        0,
        0
      ]
    }
  ]
}
