{
  "results": [
    {
      "command": "ikelaiah",
      "mean": 145.1419257799,
      "stddev": 2.795267243446216,
      "median": 143.7783734605,
      "user": 143.61510389999998,
      "system": 1.5199397999999997,
      "min": 142.535567631,
      "max": 150.5813582,
      "times": [
        150.5813582,
        143.431379254,
        143.198149113,
        144.125367667,
        143.279753659,
        143.023702487,
        142.535567631,
        144.981045478,
        148.548817486,
        147.714116824
      ],
      "exit_codes": [
        0,
        0,
        0,
        0,
        0,
        0,
        0,
        0,
        0,
        0
      ]
    }
  ]
}
