{
  "results": [
    {
      "command": "ikelaiah",
      "mean": 757.7864067479999,
      "stddev": 11.53086026104557,
      "median": 760.1791319335,
      "user": 709.2726056000001,
      "system": 48.458681,
      "min": 738.061919174,
      "max": 774.987366232,
      "times": [
        738.061919174,
        746.637064746,
        747.03405491,
        754.452019276,
        759.942993573,
        760.415270294,
        772.302205575,
        763.163858712,
        760.867314988,
        774.987366232
      ],
      "exit_codes": [
        0,
        0,
        0,
        0,
        0,
        0,
        0,
        0,
        0,
        0
      ]
    }
  ]
}
