{
  "results": [
    {
      "command": "ikelaiah",
      "mean": 159.3441337977,
      "stddev": 8.462019744835619,
      "median": 156.7312628365,
      "user": 157.65983500000002,
      "system": 1.6710922,
      "min": 155.774004524,
      "max": 183.365626239,
      "times": [
        157.942730285,
        183.365626239,
        157.037203962,
        157.054126858,
        156.666480166,
        156.278316352,
        156.796045507,
        156.039285283,
        155.774004524,
        156.487518801
      ],
      "exit_codes": [
        0,
        0,
        0,
        0,
        0,
        0,
        0,
        0,
        0,
        0
      ]
    }
  ]
}
