{
  "results": [
    {
      "command": "ikelaiah",
      "mean": 147.3355700909,
      "stddev": 1.475391604148871,
      "median": 147.58703989550003,
      "user": 145.7938035,
      "system": 1.5347218999999999,
      "min": 144.681094318,
      "max": 149.413189492,
      "times": [
        144.681094318,
        149.413189492,
        147.262914318,
        147.621647415,
        146.103974732,
        145.569774385,
        148.639649406,
        148.073771259,
        148.437253208,
        147.552432376
      ],
      "exit_codes": [
        0,
        0,
        0,
        0,
        0,
        0,
        0,
        0,
        0,
        0
      ]
    }
  ]
}
