{
  "results": [
    {
      "command": "laksen",
      "mean": 19.459552701,
      "stddev": 0.11595288400479799,
      "median": 19.4594354205,
      "user": 585.7631466999999,
      "system": 14.163568000000001,
      "min": 19.253252411,
      "max": 19.654692565,
      "times": [
        19.566469585,
        19.654692565,
        19.454508712,
        19.253252411,
        19.553520055,
        19.461552475,
        19.350196392,
        19.457318366,
        19.473451256,
        19.370565193
      ],
      "exit_codes": [
        0,
        0,
        0,
        0,
        0,
        0,
        0,
        0,
        0,
        0
      ]
    }
  ]
}
