{
  "results": [
    {
      "command": "laksen",
      "mean": 19.7111467332,
      "stddev": 0.14997991097835997,
      "median": 19.6631392425,
      "user": 587.6927474,
      "system": 12.7919284,
      "min": 19.553630241,
      "max": 19.961370662,
      "times": [
        19.568609529,
        19.769245202,
        19.553630241,
        19.567229211,
        19.765267598,
        19.646240295,
        19.669647379,
        19.656631106,
        19.961370662,
        19.953596109
      ],
      "exit_codes": [
        0,
        0,
        0,
        0,
        0,
        0,
        0,
        0,
        0,
        0
      ]
    }
  ]
}
