{
  "results": [
    {
      "command": "laksen",
      "mean": 18.0114904057,
      "stddev": 0.08426576818119533,
      "median": 17.9754848005,
      "user": 537.8864730999999,
      "system": 15.0879734,
      "min": 17.880829719,
      "max": 18.176616292,
      "times": [
        17.880829719,
        18.078806223,
        18.065330605,
        17.974599895,
        17.963205816,
        17.967270247000002,
        17.976369706,
        18.067010088,
        17.964865466,
        18.176616292
      ],
      "exit_codes": [
        0,
        0,
        0,
        0,
        0,
        0,
        0,
        0,
        0,
        0
      ]
    }
  ]
}
