{
  "results": [
    {
      "command": "laksen",
      "mean": 23.142128167,
      "stddev": 0.2398675368383139,
      "median": 23.1229672495,
      "user": 617.0541122,
      "system": 10.959951899999998,
      "min": 22.68182534,
      "max": 23.470569807,
      "times": [
        22.68182534,
        22.909504086,
        23.29152462,
        23.470569807,
        23.364060119,
        23.361801019,
        23.168819142,
        23.07527539,
        23.02078679,
        23.077115357
      ],
      "exit_codes": [
        0,
        0,
        0,
        0,
        0,
        0,
        0,
        0,
        0,
        0
      ]
    }
  ]
}
