{
  "results": [
    {
      "command": "laksen",
      "mean": 20.069312008,
      "stddev": 0.15366277638519735,
      "median": 20.0469214035,
      "user": 571.0387371999999,
      "system": 10.5570391,
      "min": 19.857019302,
      "max": 20.350978769,
      "times": [
        20.051929114,
        20.350978769,
        20.152576758,
        19.937812943,
        20.238670335,
        20.155066355,
        19.857019302,
        20.041913693,
        19.954698159,
        19.952454652
      ],
      "exit_codes": [
        0,
        0,
        0,
        0,
        0,
        0,
        0,
        0,
        0,
        0
      ]
    }
  ]
}
