{
  "results": [
    {
      "command": "laksen",
      "mean": 18.084296751000004,
      "stddev": 0.13966125874024932,
      "median": 18.0666877595,
      "user": 540.5691439999999,
      "system": 14.469047499999997,
      "min": 17.966799297,
      "max": 18.37948274,
      "times": [
        18.37948274,
        18.083367317,
        17.970704964,
        18.069988831,
        17.967840892,
        18.084722798,
        17.966799297,
        18.276018821,
        17.980655162,
        18.063386688
      ],
      "exit_codes": [
        0,
        0,
        0,
        0,
        0,
        0,
        0,
        0,
        0,
        0
      ]
    }
  ]
}
