{
  "results": [
    {
      "command": "laksen",
      "mean": 20.029514383699997,
      "stddev": 0.31746915427625183,
      "median": 19.8781653195,
      "user": 595.2227984,
      "system": 13.196959799999998,
      "min": 19.772671463000002,
      "max": 20.761096876,
      "times": [
        20.761096876,
        20.363105698,
        19.874264408,
        19.772671463000002,
        19.882066231,
        20.178337061,
        19.856548711,
        19.775034728,
        19.971597396,
        19.860421265
      ],
      "exit_codes": [
        0,
        0,
        0,
        0,
        0,
        0,
        0,
        0,
        0,
        0
      ]
    }
  ]
}
