{
  "results": [
    {
      "command": "ocoddo",
      "mean": 1.7098721032,
      "stddev": 0.017716406246816307,
      "median": 1.7107641655,
      "user": 48.685173,
      "system": 3.1558441,
      "min": 1.685326865,
      "max": 1.736296767,
      "times": [
        1.694676522,
        1.6956083030000002,
        1.692782786,
        1.685326865,
        1.711597164,
        1.7135899870000002,
        1.7099311670000001,
        1.726823043,
        1.732088428,
        1.736296767
      ],
      "exit_codes": [
        0,
        0,
        0,
        0,
        0,
        0,
        0,
        0,
        0,
        0
      ]
    }
  ]
}
