{
  "results": [
    {
      "command": "ocoddo",
      "mean": 2.5058421018,
      "stddev": 0.24284513119552623,
      "median": 2.569630284,
      "user": 74.8628796,
      "system": 2.5862214,
      "min": 1.8439113900000002,
      "max": 2.708527919,
      "times": [
        2.514537892,
        2.621893062,
        1.8439113900000002,
        2.468889163,
        2.5864443010000002,
        2.552816267,
        2.6226406620000002,
        2.625065389,
        2.708527919,
        2.5136949729999998
      ],
      "exit_codes": [
        0,
        0,
        0,
        0,
        0,
        0,
        0,
        0,
        0,
        0
      ]
    }
  ]
}
