{
  "results": [
    {
      "command": "ocoddo",
      "mean": 2.3384544146,
      "stddev": 0.42825252845415396,
      "median": 2.626917728,
      "user": 68.7163909,
      "system": 2.9852708,
      "min": 1.821555118,
      "max": 2.717954912,
      "times": [
        1.82702293,
        1.821555118,
        2.7030536290000002,
        2.6297109929999998,
        1.85516492,
        2.7045881400000003,
        2.635024391,
        2.717954912,
        2.6241244630000002,
        1.86634465
      ],
      "exit_codes": [
        0,
        0,
        0,
        0,
        0,
        0,
        0,
        0,
        0,
        0
      ]
    }
  ]
}
