{
  "results": [
    {
      "command": "ocoddo",
      "mean": 2.5525608813,
      "stddev": 0.3865186513249842,
      "median": 2.6998756955000003,
      "user": 76.12295139999999,
      "system": 2.8419638999999997,
      "min": 1.81717224,
      "max": 2.855344742,
      "times": [
        2.693093588,
        2.706282653,
        2.585194533,
        1.81717224,
        2.693468738,
        2.800014144,
        2.754366967,
        2.773202055,
        1.847469153,
        2.855344742
      ],
      "exit_codes": [
        0,
        0,
        0,
        0,
        0,
        0,
        0,
        0,
        0,
        0
      ]
    }
  ]
}
