{
  "results": [
    {
      "command": "ocoddo",
      "mean": 2.0462521281,
      "stddev": 0.35726013621314484,
      "median": 1.839380663,
      "user": 59.920864900000005,
      "system": 2.8269076999999996,
      "min": 1.801990161,
      "max": 2.6118274870000002,
      "times": [
        1.801990161,
        1.810956231,
        1.8198162610000002,
        1.821238723,
        2.558726758,
        2.517326858,
        2.6118274870000002,
        1.841877476,
        1.838115042,
        1.840646284
      ],
      "exit_codes": [
        0,
        0,
        0,
        0,
        0,
        0,
        0,
        0,
        0,
        0
      ]
    }
  ]
}
