{
  "results": [
    {
      "command": "ocoddo",
      "mean": 1.6994137215000003,
      "stddev": 0.02528504851292134,
      "median": 1.701564926,
      "user": 48.01070309999999,
      "system": 3.2001627999999998,
      "min": 1.666333046,
      "max": 1.746986308,
      "times": [
        1.7084586800000001,
        1.694671172,
        1.666333046,
        1.6723225780000002,
        1.7182464780000002,
        1.675122491,
        1.713313768,
        1.713838408,
        1.6848442860000001,
        1.746986308
      ],
      "exit_codes": [
        0,
        0,
        0,
        0,
        0,
        0,
        0,
        0,
        0,
        0
      ]
    }
  ]
}
