{
  "results": [
    {
      "command": "rlawson",
      "mean": 75.66468190999998,
      "stddev": 0.38631398224449454,
      "median": 75.7098423165,
      "user": 73.7143457,
      "system": 1.9467029,
      "min": 74.777539898,
      "max": 76.214627021,
      "times": [
        74.777539898,
        75.553631701,
        76.214627021,
        76.009895187,
        75.73195470900001,
        75.687729924,
        75.388683555,
        75.771324306,
        75.836346469,
        75.67508633
      ],
      "exit_codes": [
        0,
        0,
        0,
        0,
        0,
        0,
        0,
        0,
        0,
        0
      ]
    }
  ]
}
