{
  "results": [
    {
      "command": "rlawson",
      "mean": 83.7687833138,
      "stddev": 0.8914733733398328,
      "median": 83.289133152,
      "user": 81.4430172,
      "system": 2.3203578000000005,
      "min": 82.756260089,
      "max": 85.458142762,
      "times": [
        84.556735971,
        84.398786755,
        85.458142762,
        83.36917117,
        83.207566137,
        83.116811942,
        83.08665304,
        84.528610138,
        82.756260089,
        83.209095134
      ],
      "exit_codes": [
        0,
        0,
        0,
        0,
        0,
        0,
        0,
        0,
        0,
        0
      ]
    }
  ]
}
