{
  "results": [
    {
      "command": "rlawson",
      "mean": 76.8088123117,
      "stddev": 0.7529515081765313,
      "median": 76.90405016,
      "user": 74.5878286,
      "system": 2.2130327,
      "min": 75.257742361,
      "max": 78.072529795,
      "times": [
        76.359903746,
        76.923262933,
        76.937485249,
        75.257742361,
        78.072529795,
        77.133345509,
        77.489039108,
        76.268032675,
        76.884837387,
        76.761944354
      ],
      "exit_codes": [
        0,
        0,
        0,
        0,
        0,
        0,
        0,
        0,
        0,
        0
      ]
    }
  ]
}
