{
  "results": [
    {
      "command": "rlawson",
      "mean": 75.642039825,
      "stddev": 0.21707308111133156,
      "median": 75.61417574149999,
      "user": 73.55968770000001,
      "system": 2.0778882999999997,
      "min": 75.340087248,
      "max": 75.954867007,
      "times": [
        75.455883548,
        75.931023382,
        75.340087248,
        75.615749888,
        75.516096324,
        75.409381813,
        75.800921713,
        75.954867007,
        75.783785732,
        75.612601595
      ],
      "exit_codes": [
        0,
        0,
        0,
        0,
        0,
        0,
        0,
        0,
        0,
        0
      ]
    }
  ]
}
