{
  "results": [
    {
      "command": "rlawson",
      "mean": 69.4087446829,
      "stddev": 1.6053020408025354,
      "median": 69.2122730875,
      "user": 67.6337506,
      "system": 1.7719198999999999,
      "min": 67.588884364,
      "max": 71.660160734,
      "times": [
        71.660160734,
        71.206287366,
        70.878137455,
        70.22699366,
        70.419854136,
        67.937456404,
        67.588884364,
        67.827474305,
        68.197552515,
        68.14464589
      ],
      "exit_codes": [
        0,
        0,
        0,
        0,
        0,
        0,
        0,
        0,
        0,
        0
      ]
    }
  ]
}
