{
  "results": [
    {
      "command": "rlawson",
      "mean": 70.0943066545,
      "stddev": 0.6025303836539923,
      "median": 70.091352654,
      "user": 68.15012679999998,
      "system": 1.935457,
      "min": 69.416149149,
      "max": 71.389447196,
      "times": [
        70.387858485,
        70.416031841,
        70.130183161,
        69.536808011,
        70.434355684,
        71.389447196,
        69.62152686,
        70.052522147,
        69.558184011,
        69.416149149
      ],
      "exit_codes": [
        0,
        0,
        0,
        0,
        0,
        0,
        0,
        0,
        0,
        0
      ]
    }
  ]
}
