{
  "results": [
    {
      "command": "rlawson",
      "mean": 81.50433920370001,
      "stddev": 0.8820728453541836,
      "median": 81.6350221125,
      "user": 75.4048613,
      "system": 5.424398400000001,
      "min": 79.344903105,
      "max": 82.522998567,
      "times": [
        81.169526972,
        82.071933309,
        81.886164189,
        81.420808938,
        81.134114101,
        81.751343073,
        79.344903105,
        82.222898631,
        81.518701152,
        82.522998567
      ],
      "exit_codes": [
        0,
        0,
        0,
        0,
        0,
        0,
        0,
        0,
        0,
        0
      ]
    }
  ]
}
