{
  "results": [
    {
      "command": "sbalazs",
      "mean": 13.378223612899998,
      "stddev": 0.17881105989528925,
      "median": 13.3791949795,
      "user": 280.90778299999994,
      "system": 98.8976157,
      "min": 13.019202577,
      "max": 13.657969948,
      "times": [
        13.521418202,
        13.32811998,
        13.430269979,
        13.019202577,
        13.437792473,
        13.521458997,
        13.321955828,
        13.657969948,
        13.221551413,
        13.322496732
      ],
      "exit_codes": [
        0,
        0,
        0,
        0,
        0,
        0,
        0,
        0,
        0,
        0
      ]
    }
  ]
}
