{
  "results": [
    {
      "command": "sbalazs",
      "mean": 15.924594152700001,
      "stddev": 0.4153519149511032,
      "median": 15.820184973500002,
      "user": 232.69385700000004,
      "system": 80.11128140000001,
      "min": 15.52102499,
      "max": 16.733406718,
      "times": [
        15.821057873,
        15.721259773,
        15.620485025,
        15.639014683,
        15.52102499,
        16.733406718,
        15.819312074,
        16.623722035,
        15.920159462,
        15.826498894
      ],
      "exit_codes": [
        0,
        0,
        0,
        0,
        0,
        0,
        0,
        0,
        0,
        0
      ]
    }
  ]
}
