{
  "results": [
    {
      "command": "sbalazs",
      "mean": 20.9713110729,
      "stddev": 0.22852205199499173,
      "median": 20.9287596375,
      "user": 266.6757397,
      "system": 67.66229519999999,
      "min": 20.656776213,
      "max": 21.36987824,
      "times": [
        21.36987824,
        20.936197927,
        20.779352714,
        21.02473412,
        20.656776213,
        20.921321348,
        20.992869618,
        20.825940841,
        20.865862344,
        21.340177364
      ],
      "exit_codes": [
        0,
        0,
        0,
        0,
        0,
        0,
        0,
        0,
        0,
        0
      ]
    }
  ]
}
