{
  "results": [
    {
      "command": "sbalazs",
      "mean": 15.096804196000003,
      "stddev": 0.7154690781305926,
      "median": 14.922242437,
      "user": 198.24530109999995,
      "system": 77.75864799999998,
      "min": 14.267717301,
      "max": 16.222851345,
      "times": [
        15.522519724,
        15.123102349,
        14.424250006,
        14.721382525,
        14.267717301,
        16.22274681,
        14.620591044,
        14.521146634,
        15.321734222,
        16.222851345
      ],
      "exit_codes": [
        0,
        0,
        0,
        0,
        0,
        0,
        0,
        0,
        0,
        0
      ]
    }
  ]
}
