{
  "results": [
    {
      "command": "sbalazs",
      "mean": 17.777749902900002,
      "stddev": 1.4223816631739106,
      "median": 18.422709003500003,
      "user": 252.7689683,
      "system": 60.5941371,
      "min": 15.023849189,
      "max": 19.322641882,
      "times": [
        15.023849189,
        15.920697061,
        16.526057339,
        18.424169519,
        18.721723708,
        19.322641882,
        18.340784818,
        18.422974234,
        18.422443773,
        18.652157506
      ],
      "exit_codes": [
        0,
        0,
        0,
        0,
        0,
        0,
        0,
        0,
        0,
        0
      ]
    }
  ]
}
