{
  "results": [
    {
      "command": "sbalazs",
      "mean": 13.3137423936,
      "stddev": 0.1700083274172131,
      "median": 13.321079271,
      "user": 287.0943124,
      "system": 99.1193369,
      "min": 13.020670525,
      "max": 13.541713558,
      "times": [
        13.522381785,
        13.020670525,
        13.321091643,
        13.421729147,
        13.321066899,
        13.219624163,
        13.120607831,
        13.541713558,
        13.425717427,
        13.222820958
      ],
      "exit_codes": [
        0,
        0,
        0,
        0,
        0,
        0,
        0,
        0,
        0,
        0
      ]
    }
  ]
}
