{
  "results": [
    {
      "command": "sbalazs",
      "mean": 21.4468146062,
      "stddev": 0.7826465237702822,
      "median": 21.3750606915,
      "user": 277.5827804,
      "system": 66.468934,
      "min": 20.33526871,
      "max": 22.42427162,
      "times": [
        22.236177401,
        22.323287887,
        22.42427162,
        22.025451486,
        21.426654351,
        21.323467032,
        20.62192357,
        21.227683251,
        20.523960754,
        20.33526871
      ],
      "exit_codes": [
        0,
        0,
        0,
        0,
        0,
        0,
        0,
        0,
        0,
        0
      ]
    }
  ]
}
